Question,Answer
Who did the first work generally recognized as AI?,"Warren McCulloch and Walter Pitts (1943).
"
What sources was drawn on the formation of the first work generally recognized as AI?,"knowledge of the basic physiology and function of neurons in the brain; a formal analysis of propositional logic due to Russell and Whitehead; and Turing's theory of computation.
"
Who created the Hebbian learning rule?,"Donald Hebb (1949).
"
When the first neural network is built?,"1950.
"
What is the first neural network called?,"The SNARC.
"
"""Who introduced the Turing test", machine learning
Alan Turing prefer what method on creating human-level Al?,"He prefer to develop learning algorithms and then teach the machine rather than by programming its intelligence by hand.
"
Who presented the Logic Theorist (LT)?,"Allen Newell and Herbert Simon from Carnegie Tech.
"
What does General Problem Solver (GPS) is designed for?,"GPS was designed from the start to imitate human problem-solving protocols.
"
Which model was robably the first program to embody the “thinking humanly” approach?,"General Problem Solver (GPS).
"
Who formulate the famous physical symbol system hypothesis?,"Allen Newell and Herbert Simon.
"
What does physical symbol system hypothesis states?,"a physical symbol system has the necessary and sufficient means for general intelligent action.
"
Who constructed the Geometry Theorem Prover?,"Herbert Gelernter (1959).
"
"""Who", on checkers
Who defined the high-level language Lisp?,"John McCarthy.
"
"""Whatlanguage", in 1958
who discovered a complete theorem-proving algorithm for first-order logic in 1965?,"J. A. Robinson's
"
Which program in 1963 was able to solve closed-form calculus integration problems typical of MIT's first-year college courses?,"James Slagle's Saint program
"
What is the most famous microworld?,"The blocks world.
"
What does the perceptron convergence theorem say?,"""The theorem says that the learning algorithm can adjust the connection strengths of a perceptron to match any input data"
What does the book Preceptrons (1969) mentioned?,"""Although perceptrons (a simple form of neural network) could be shown to learn anything they were capable of representing"
What is the weak methods in 1969?,"a general-purpose search mechanism trying to string together elementary reasoning steps to find complete solutions.
"
Why weak methods in 1969 are called weak methods?,"They do not scale up to large or difficult problem instances.
"
"""Why is the DENDRAL program powerful"," according to its authors?"""
Which program is the first successful knowledge-intensive system?,"The DENDRAL program.
"
What does knowledge-intensive system mean?,"A system that its expertise derived from large numbers of special-purpose rules.
"
What is the content of the Heuristic Programming Project (HPP)?,"It is to investigate the extent to which the new methodology of expert systems could be applied to other areas.
"
What function does MYCIN system contribute in?,"diagnosing blood infections.
"
What is the major differences between MYCIN and DENDRAL?,"""First"
What calculus of uncertainty does MYCIN incorporated?,"certainty factors.
"
How is the performance of certainty factors in MYCIN?,"It seemed (at the time) to fit well with how doctors assessed the impact of evidence on the diagnosis.
"
Which system is the first successful commercial expert system?,"R1.
"
Where does the first successful commercial expert system began operation?,"""The Digital Equipment Corporation (McDermott"
What does robust language understanding requires?,"general knowledge about the world and a general method for using that knowledge.
"
What does Minsky's idea of frames (1975) implies?,"assembling facts about particular object and event types and arranging the types into a large taxonomic hierarchy analogous to a biological taxonomy.
"
What is the content of the “Fifth Generation” project announced by the Japanese government in 1981?,"""A 10-year plan to build massively parallel"
"""What caused the """"AI winter""""?""","Many companies fell by the wayside as they failed to deliver on extravagant promises.
"
"""Why", after 1988
Who described symbols as the “luminiferous aether of Al”?,"Geoff Hinton
"
What does “luminiferous aether of Al” by Geoff Hinton mean?,"A reference to the non-existent medium through which many 19th-century physicists believed that electromagnetic waves propagated.
"
How is the connectionist models better suited to the messiness of the real world?,"It forms internal concepts in a more fluid and imprecise way.
"
What approach does the brittleness of expert systems led to?,"""It is an approach incorporating probability rather than Boolean logic"
What approach dominate the field of speech recognition?,"The approach using hidden Markov models (HMMs).
"
What are the characteristics of HMMs in the feild of speech recognition?,"""First"
Which year is an important year for the connection between Al and other fields?,"1988
"
"""In 1998"," what fields does AI connected to?"""
Whose research led to a new acceptance of probability and decision theory in Al?,"Judea Pearl's (1988).
"
What does Pearl's development of Bayesian networks yielded?,"It yielded a rigorous and efficient formalism for representing uncertain knowledge as well as practical algorithms for probabilistic reasoning
"
What major contribution is done by Rich Sutton in 1988?,"connecting reinforcement learning to the theory of Markov decision processes (MDPs) developed in the field of operations research.
"
What kind of advances facilitated the big data phenomenon?,"Remarkable advances in computing power and the creation of the World Wide Web.
"
Who argued that the improvement in performance obtained from increasing the size of the data set by two or three orders of magnitude outweighs any improvement that can be obtained from tweaking the algorithm?,"Banko and Brill (2001)
"
Who developed a clever method for filling in holes in photographs by blending in pixels from similar images?,"Hays and Efros (2007).
"
What does the term deep learning refers to?,"""It refers to machine learning using multiple layers of simple"
What method do experiments found some success in handwritten digit recognition in the 1990s?,"convolutional neural networks.
"
How does deep network contribute to ALPHAGO's victories over the leading human Go players?,"representing the evaluation function.
"
What is the mean for Ford (2018) interviews of AI experts in the question of when (if ever) will AI systems achieve human-level performance across a broad variety of tasks?,"2099
"
What system does U.S. forces deployed to do automated logistics planning and scheduling for transportation?,""" a Dynamic Analysis and Replanning Tool"
What AI system defeated world chess champion Garry Kasparov in 1997?,"Deep Blue
"
What AI system defeated the world GO champion Ke Jie?,"ALPHAGO
"
What ALPHAZERO can do?,"""It used no input from humans (except for the rules of the game)"
"""What does the deep learning model", which won the 2018 Gordon Bell Prize
"""Who noted that the “mechanical arts are of ambiguous use"," serving as well for hurt as for remedy”?"""
"""Where does the statement “mechanical arts are of ambiguous use"," serving as well for hurt as for remedy” be noted?"""
"""Who suggested that “First solve Al"," then use Al to solve everything else.”?"""
"""How does United Nations define """"Lethal Autonomous Weapons""""?""","""weapons that can locate"
What possible risks we might face on devoloping AI?,"""Lethal Autonomous Weapons"
Who reminded that the field of those broader goals and warned that the subfields were in danger of becoming ends in themselves?,"Nils Nilsson (1995)
"
Who was motivated to consider the long-term future of Al after seeing Arthur Samuel's checker-playing program learn to beat its creator?,"Norbert Wiener
"
What does the Kind Midas problem implies?,"""Midas"
What is the definition of agent?,"anything that can be viewed as perceiving its environment through sensors and acting upon that environment through actuators.
"
What the word percept refer to?,"It refer to the content an agent's sensors are perceiving.
"
What is an agent's percept sequence?,"the complete history of everything the agent has ever perceived.
"
"""In general"," what does an agent's choice of action at any given instant depend on?"""
What can we say mathematically on an agent's behavior?,"An agent's behavior is described by the agent function that maps any given percept sequence to an action.
"
How AI is stucked to consequentialism?,"We evaluate an agent's behavior by its consequences.
"
How can we capture the desirability related to consequentialism of an AI model?,"It can be captured by a performance measure that evaluates any given sequence of environment states.
"
What is the difference on desirability between human and machine?,"""Human measures it from their point of view"
Who warns to ensure that “the purpose put into the machine is the purpose which we really desire”?,"Norbert Wiener.
"
"""How", better
What does the King Midas problem inspire us?,"We must accept the possibility that we might put the wrong purpose into the machine.
"
What can the definition of rational depends on?,"The performance measure that defines the criterion of success; The agent's prior knowledge of the environment; The actions that the agent can perform; The agent’s percept sequence to date.
"
What is the difference of omniscience from rationality?,"An omniscient agent knows the actual outcome of its actions and can act accordingly; but omniscience is impossible in reality.
"
What is the relationship between rationality and perfection?,"""Rationality maximizes expected performance"
What information gathering means?,"Doing actions in order to modify future percepts.
"
How we will say that an agent lacks autonomy?,"An agent relies on the prior knowledge of its designer rather than on its own percepts and learning processes.
"
What does an autonomous rational agent do?,"It should learn what it can to compensate for partial or incorrect prior knowledge.
"
What is task environments?,"They are essentially the “problems” to which rational agents are the “solutions.”
"
What is PEAS description?,"""Specify the performance measure"
What we can do as the range of task environments that might arise in Al is obviously vast?,"We can identify a fairly small number of dimensions along which task environments can be categorized.
"
What dimensions we can indentify on task environments?,"Fully observable vs. partially observable; single-agent vs. multiagent; deterministic vs. nondeterministic; episodic vs. sequential; static vs. dynamic; discrete vs. continuous; known vs. unknown
"
How can we say a task environment is fully observable?,"an agent's sensors give it access to the complete state of the environment at each point in time.
"
How can we say a task environment is deterministic?,"The next state of the environment is completely determined by the current state and the action executed by the agent(s).
"
What task environment makes an agent need not worry about uncertainty?,"fully observable and deterministic.
"
What is the difference between stochastic and nondeterministic?,"""We say that a model of the environment is stochastic if it explicitly deals with probabilities (e.g."
How can we say a task environment is episodic?,"""The agent's experience is divided into atomic episodes"
How can we say a task environment is sequential?,"The current decision of agent could affect all future decisions.
"
What are the examples of episodic and sequential task environments?,"Many classification tasks are episodic; Chess and taxi driving are sequential.
"
Why episodic environments are much simpler than sequential environments?,"The agent does not need to think ahead.
"
How can we say a task environment is dynamic for that agent?,"The environment can change while an agent is deliberating.
"
How can we say a task environment is static for that agent?,"The environment cannot change while an agent is deliberating.
"
Why static task envrionments are easy to deal with?,"""The agent need not keep looking at the world while it is deciding on an action"
How can we say a task environment is semidynamic?,"The environment itself does not change with the passage of time but the agent's performance score does.
"
"""What are the examples of dynamic"," semidynamic and static task environments?"""
What are the differences between discrete and continuous task environments?,"""The state of the environment"
What are the examples of discrete and continuous task environments?,"""Chess has a finite number of distinct states (excluding the clock)"
What does a known / unknown task environment refers to?," The agent's (or designer's) state of knowledge about the “laws of physics” of the environment.
"
How can we say a task environment is known?,"The outcomes (or outcome probabilities if the environment is nondeterministic) for all actions are given.
"
How can we say a task environment is unknown?,"The agent will have to learn how it works in order to make good decisions.
"
What is an example of partially observable and known task environment?,"""In solitaire card games"
What is an example of fully observable and unknown task environment?,"""In a new video game"
What kind of task environment should be the hardest case?,"""partially observable"
What is an agent function?,"The mapping from percepts to actions.
"
What is the agent architecture?,"A program will run on some sort of computing device with physical sensors and actuators
"
What the architecture does to a program?,"""In general"
What are the four basic kinds of agent programs that embody the principles underlying almost all intelligent systems?,"Simple reflex agents; Model-based reflex agents; Goal-based agents; and Utility-based agents.
"
What does simple reflex agents do?,"""These agents select actions on the basis of the current percept"
What does condition-action rule similar to?,"if-then statements.
"
What is the more general and flexible approach for simple reflex agent?,"Firstly build a general-purpose interpreter for condition-action rules and then to create rule sets for specific task environments.
"
How can a simple reflex agen escape from infinite loops?,"The agent can randomize its actions.
"
What is better instead of allowing simple reflex agents to randomize its actions?,"A more sophisticated deterministic agent.
"
What is the most effective way to handle partial observability for the agent?,"The agent should maintain some sort of internal state that depends on the percept history and thereby reflects at least some of the unobserved aspects of the current state. 
"
What kind of knowledge is required in updating model-based reflex agents' internal state information as time goes by?,"""First"
How the information about how the world changes over time in model-based reflex agent can be divided?,"The effects of the agent's actions and how the world evolves independently of the agent.
"
What does the knowledge about “how the world works” is called?,"The transition model of the world.
"
What is sensor model in model-based reflex agent?,"""A kind of knowledge"
What is the definition of model-based reflex agent?,"An agent using transition model and sensor model.
"
How transition model and sensor model function in model-based reflex agent?,"allow an agent to keep track of the state of the world.
"
Which part in model-based reflex agent's structure is interesting?,"The function which is responsible for creating the new internal state description.
"
What does the model-based reflex agent's knowing of the current world actually is?,"""It represents the agent's “best guess”"
What does goal information do to agents?,"It describes situations that are desirable.
"
How a goal-based agent appears being more flexible?,"It may appears less efficient.
"
Why economists and computer scientists use the term utility instead?,"""It is because it sounds more scientific then words like """"happy"""".""
"
What will happen if the internal utility function and the external performance measure are in agreement?,"An agent that chooses actions to maximize its utility will be rational according to the external performance measure.
"
What does a utility function do when there are conflicting goals?,"It specifies the appropriate tradeoff.
"
What does a utility function do when there are several goals that the agent can aim for?,"It provides a way in which the likelihood of success can be weighed against the importance of the goals.
"
How can we say technically about a rational utility-based agent?,"""It chooses the action that maximizes the expected utility of the action outcomes—that is"
What will happen if an agent possesses an explicit utility function?,"It can make rational decisions with a general-purpose algorithm that does not depend on the specific utility function being maximized.
"
What is hard in utility-based function?,"A utility-based agent has to model and keep track of its environment; Choosing the utility-maximizing course of action.
"
What is the advantage for agent to learn?,"It allows the agent to operate in initially unknown environments and to become more competent than its initial knowledge alone might allow.
"
What is the conceptual components for a learning agent?,"Learning element; Performance element; Critic; Problem Generator.
"
What does the learning element in the components for a learning agent do?,"It is responsible for making improvements.
"
What does the performance element in the components for a learning agent do?,"It is responsible for selecting external actions.
"
What does the critic in the components for a learning agent do?,"The critic tells the learning element how well the agent is doing with respect to a fixed performance standard.
"
How should we think when we are trying to design an agent that learns a certain capability?,"The first question is not “How am I going to get it to learn this?” but “What kind of performance element will my agent use to do this once it has learned how?” 
"
Why critic is necessary for a learning agent?,"The percepts themselves provide no indication of the agent's success. 
"
What does the problem generator in the components for a learning agent do?,"It is responsible for suggesting actions that will lead to new and informative experiences.
"
What will happen if an agent is willing to explore a little and do some perhaps suboptimal actions in the short run?,"It might discover much better actions for the long run.
"
What is needed when we are trying to learn a reflex component or a utility function?,"Information from the external standard.
"
What does the performance standard distinguishes part of the incoming percept as?,"A reward or penalty that provides direct feedback on the quality of the agent's behavior.
"
How can we rank the representations of task environments in their expressiveness?,"""Atomic"
What does a particular agent component that deals with “What my actions do” do?,"""It describes the changes that might occur in the environment as the result of taking an action"
What happens in an atomic representation?,"Each state of the world is indivisible—it has no internal structure.
"
What are the examples of areas work with atomic representations?,"""Search and game-playing"
What does a factored representation do?,"""It splits up each state into a fixed set of variables or attributes"
What are the examples of areas work with factored representations?,"""Constraint satisfaction algorithms"
What happens in a structured representation?,"Objects and their various and varying relationships can be described explicitly
"
When we need the structured representation?,"""When we need to understand the world as having things in it that are related to each other"
What are the examples of areas work with structured representations?,"""Relational databases and first-order logic"
How reasoning and learning changes following to the expressive power of the representation of an agent's environment?,"Reasoning and learning become more complex as the expressive power of the representation increases.
"
How can we gain the benefits of expressive representations of agent environments while avoiding their drawbacks?,"Intelligent systems for the real world may need to operate at all points along the axis simultaneously
"
What happens in a localist representation?,"There is a one-to-one mapping between concepts and memory locations.
"
What happens in a distributed representation?,"""The representation of a concept is spread over many memory locations"
"""Which representations are more robust against noise and information loss"," localist one or distributed one?"""
What bad situation might happen using localist representations?,"""The mapping from concept to memory location is arbitrary"
What is the definition of problem-solving agent?,"An agent that need to plan ahead: to consider a sequence of actions that form a path to a goal state.
"
What is the definition of search?,"The computational process that a problem-solving agent undertakes.
"
What representations do Problem-solving agents use?,"Atomic representations.
"
What happens to informed algorithms?,"The agent can estimate how far it is from the goal.
"
What happens to uninformed algorithms?,"The agent cannot estimate how far it is from the goal.
"
What is the four-phrase problem-solving process?,"Goal formulation; problem formulation; Search; Execution.
"
What an agent does in goal formulation phase?,"The agent adopts the goal of a task.
"
How does the goals act in an agent's goal formulation phase?,"Goals organize behavior by limiting the objectives and hence the actions to be considered.
"
What an agent does in problem formulation phase?,"The agent devises a description of the states and actions necessary to reach the goal—an abstract model of the relevant part of the world.
"
What an agent does in search phase?,"""Before taking any action in the real world"
What is the definition of solution for problem-solving agent?,"A sequence of actions that reaches the goal.
"
What an agent does in execution phase?,"""The agent excute the actions in the solution"
"""How is the solution in a fully observable", deterministic
What open-loop system is by the control theorists?,"A system ignoring the percepts breaks the loop between agent and environment.
"
"""Which loop is more safer for a problem-solving agent"," open-loop or closed-loop?"""
How is the solution in a partially observable or nondeterministic environment?,"A solution would be a branching strategy that recommends different future actions depending on what percepts arrive.
"
What is the definition of the state space?,"A set of possible states that the environment can be in.
"
What is the definition of the initial state?,"The state that the agent starts in.
"
What is the definition of the goal states?,"A set of states that are goals to the agent.
"
What is the definition of transition model to problem-solving agent?,"A model which describes what each action does.
"
What is the definition of action cost function?,"A function reflects an agent's own performance measure.
"
"""What is the definition of a search """"problem""""?""","""The combination of a state space"
What is the definition of an optimal solution?,"The solution having the lowest path cost.
"
What is the possible meaning of model?,"""An abstract mathematical description"
What is the definition of abstraction?,"The process of removing detail from a representation.
"
How can we say an abstraction is good?,"It involves removing as much detail as possible while retaining validity and ensuring that the abstract actions are easy to carry out.
"
What will happen if we don't have the ability to construct useful abstractions?,"The intelligent agents would be completely swamped by the real world.
"
What is the definition of standardized problem?,"It is intended to illustrate or exercise various problem-solving methods.
"
How can researchers use a standardized problem?,"A standardized problem is suitable as a benchmark for researchers to compare the performance of algorithms.
"
What is the definition of real-world problem?,"""It is one whose solutions people actually use"
What is a grid world problem?,"It is a two-dimensional rectangular array of square cells in which agents can move from cell to cell.
"
What agents can do to objects in cells in a grid world problem?,"""Cells can contain objects"
What wall or impassible obstacles do in a grid world problem?,"Those things in a cell prevents an agent from moving into that cell.
"
What is the example of a grid world problem?,"Sokoban puzzle.
"
What is a sokoban puzzle?,"""It is a puzzle that the agent's goal is to push a number of boxes"
What is a sliding-tile puzzle?,"It is a puzzle that a number of tiles (sometimes called blocks or pieces) are arranged in a grid with one or more blank spaces so that some of the tiles can slide into the blank space.
"
What is a touring problem?,"""It is a problem that describes a set of locations that must be visited"
What is the traveling salesperson problem (TSP)?,"It is a touring problem in which every city on a map must be visited.
"
What does a VLSI layout problem requires?,"It requires positioning millions of components and connections on a chip.
"
What does a VLSI layout problem aims to?,"""It aims to minimize area"
How does the VLSI layout problem be splited?,"It is split into two parts: cell layout and channel routing.
"
What is the difference of robot navigation from following distinct paths?,"""A robot can roam around"
What problem do real robots must also deal with in robot navigation?,"""Their sensor readings and motor controls"
Since when does the automatic assembly sequencing of complex objects (such as electric motors) by a robot have been standard industry practice?,"1970s.
"
What is protein design?,"""It is an assembly problem"
What is the definition of search algorithm?,"""A search algorithm takes a search problem as input and returns a solution"
What does a node in a search tree corresponds to?,"A state in the state space.
"
What does an edge in a search tree corresponds to?,"An action.
"
What does the root in a search tree corresponds to?,"The initial state of the problem.
"
What is the distinction of the state space from the search tree?,"""The state space describes the (possibly infinite) set of states in the world"
What is the distinction of the search tree from the state space?,"""The search tree describes paths between these states"
What is the process of expanding a node?,"""We can expand the node"
"""If A is a child node of B"," what B is of A?"""
What is the essence of search?,"Following up one option now and putting the others aside for later.
"
How can we say a node is reached?,"The node has had a node generated for it.
"
What is best-first search?,"""We choose a node"
What is node?,"A node in the tree is represented by a data structure with four components: State; Parent; Action; Path cost.
"
What is the componenets of a node?,"State; Parent; Action; Path cost.
"
What is queue?,"A data structure used to store the frontier.
"
What are the possible operations on a frontier?,"check whether it is empty; remove the top node; return the top node; insert node into proper place
"
What is a priority queue?,"""A kind of queue which first pops the node with the minimum cost according to some evaluation function"
Where does a priority queue might be used?,"It is used in best-first search.
"
What is a first-in-first-out (FIFO) queue?,"A kind of queue which  first pops the node that was added to the queue first.
"
Where does a FIFO queue might be used?,"It is used in breadth-first search.
"
What is a last-in-first-out (LIFO) queue?,"A kind of queue which  first pops the node that was added most recently to the queue.
"
Where does a LIFO queue might be used?,"It is used in depth-first search.
"
What is the example of loopy path in a search?,"The search goes repeatedly between two states.
"
what is the possible consequence if loopy path occurs in a search?,"The complete search tree is infinite.
"
What should be eliminated in the search?,"Redundant paths.
"
What possible methods can be used to eliminate redundant paths?,"Remember all previously reached states to detect redundant paths; do not consider it for minor problem formulations; only check for cycles but not for redundant paths in general.
"
What is a graph search?,"A search algorithm which checks for redundant paths.
"
What is a tree-like search?,"A search algorithm which does not check for redundant paths.
"
What is an example of graph search algorithm?,"The Brst-First-Search algorithm.
"
What are the evaluation methods on an algorithm’s performance?,"Completeness; Cost optimality; Time complexity; Space complexity.
"
What does Completeness evaluates specificly on an algorithm's performance?,"""Is the algorithm guaranteed to find a solution when there is one"
What does Cost optimality evaluates specificly on an algorithm's performance?,"Does it find a solution with the lowest path cost of all solutions?
"
What does Time complexity evaluates specificly on an algorithm's performance?,"""How long does it take to find a solution? This can be measured in seconds"
What does Space complexity evaluates specificly on an algorithm's performance?,"How much memory is needed to perform the search?
"
What kind of search algorithm will be complete?,"""A search algorithm which is systematic in the way it explores an infinite state space"
What evaluation methods on an algorithm’s performance are considered with respect to some measure of the problem difficulty?,"Time and space complexity.
"
What variables can we use in measuring the complexity of an algorithm?,"""d"
What is an informed search strategy?,"One that uses domain-specific hints about the location of goals.
"
What is heuristic function?,"The estimated cost of the cheapest path from the state at node n to a goal state.
"
What is Greedy best-first search?,"Greedy best -first search is a form of best-first search that expands first the node with the lowest value on the grounds that this is likely to lead to a solution quickly.
"
Why the algorithm is called “greedy”?,"""On each iteration it tries to get as close to a goal as it can"
What is A* search?,"A* search is a best-first search that uses the evaluation function f(n) = g(n) + h(n).
"
What is g(n)?,"g(n) is the path cost from the initial state to node n.
"
What is f(n)?,"f(n) is the estimated cost of the best path that continues from n to a goal.
"
What is the properties of A* search?,"""A* search is complete"
What is the drawback of A* search?,"A* search uses a lot of space and memory.
"
What is an admissible heuristic?,"An admissible heuristic is one that never overestimates the cost to reach a goal. 
"
What is a contour?,"A contour is a useful way to visualize a search by drawing it in the state space.
"
Does uniform-cost search has contours?,"""Yes"
What does the contours with uniform-cost search look like?,"""The contours with uniform-cost search will be “circular” around the start state"
What is satisficing solutions?,"""Satisficing solutions are when we accept solutions that are suboptimal"
What is bounded suboptimal search?,"We look for a solution that is guaranteed to be within a constant factor W of the optimal cost.
"
Which algorith provides bounded suboptimal search?,"Weighted A* provides bounded suboptimal search.
"
What is bounded-cost search?,"We look for a solution whose cost is less than some constant C.
"
What is unbounded-cost search?,"""We accept a solution of any cost"
What is the example of an unbounded-cost search algorithm?,"An example of an unbounded-cost search algorithm is speedy search.
"
What is speedy search?,"""The speedy search is a version of greedy best-first search that uses as a heuristic the estimated number of actions required to reach a goal"
What is Iterative-deepening A* search?,"Iterative-deepening A* search (IDA*) is to A* what iterative-deepening search is to depthfirst.
"
What is the benefits of Iterative-deepening A* search?,"""Iterative-deepening A* search gives us the benefits of A* without the requirement to keep all reached states in memory"
What is recursive best-first search?,"""Recursive best-first search attempts to mimic the operation of standard best-first search"
What is beam search?,"""Beam search puts a limit on the size of the frontier; that makes it incomplete and suboptimal"
How to construct good heuristics?,""" One can sometimes construct good heuristics by relaxing the problem definition"
How do local search algoritms function?,"""Local search algorithms operate by searching from a start state to neighboring states"
Are local search algoritms systematic?,"""No"
What are the advantages of local search algorithms?,"They use very little memory; and they can often find reasonable solutions in large or infinite state spaces for which systematic algorithms are unsuitable.
"
What is hill-climbing search algorithm?,"The hill-climbing search algorithm keeps track of one current state and on each iteration moves to the neighboring state with highest value.
"
Why hill climbing is called greedy local search?,"Hill climbing is called greedy local search because it grabs a good neighbor state without thinking ahead about where to go next.
"
What is the drawback of hill climbing?,"""Hill climbing can get stuck when it reaches local maxima"
What is a local maximum?,"A local maximum is a peak that is higher than each of its neighboring states but lower than the global maximum.
"
What is a plateau?,"A plateau is a flat area of the state-space landscape.
"
What are the examples of plauteau?,"""A plauteau is a flat local maximum"
What is stochastic hill climbing?,"Stochastic hill climbing  chooses at random from among the uphill moves; the probability of selection can vary with the steepness of the uphill move. 
"
What is first-choice hill climbing?,"A first-choice hill climbing implements stochastic hill climbing by generating successors randomly until one is generated that is better than the current state.
"
What is random-restart hill climbing?,"""A random-restart hill climbing conducts a series of hill-climbing searches from randomly generated initial states"
How to get a success hill climbing?,"""A success hill climbing depends very much on the shape of the state-space landscape: if there are few local maxima and plateaus"
What is simulated annealing?,"A simulated annealing combines hill climbing with a random walk in a way that yields both efficiency and completeness.
"
What is annealing?,"""Annealing is the process used to temper or harden metals and glass by heating them to a high temperature and then gradually cooling them"
What is local beam search?,"The local beam search algorithm keeps track of k states rather than just one. 
"
How does the local beam search operate?,"""It begins with k randomly generated states. At each step"
What is evolutionary algoritms?,"Evolutionary algorithms can be seen as variants of stochastic beam search that are explicitly motivated by the metaphor of natural selection in biology.
"
What is genetic algorithm?,"""Genetic algorithms are similar to stochastic beam search"
When is the genetic algorithm advantageous?,"Genetic algorithm is advantageous when there are blocks that perform useful functions.
"
What are empirical gradient methods?,"Empirical gradient methods are methods that measure progress by the change in the value of the objective function between two nearby points
"
What is a belief state?," A belief state is a set of physical states that the agent believes are possible.
"
What is a sensorless problem?,"A sensorless problem is when the agent’s percepts provide no information at all.
"
What are offline search algorithms?,"Offline search algorithms compute a complete solution before taking their first action.
"
What are online search algorithms?,"""Online search algorithms take an action first"
How is an online search problem solved?,"""An online search problem is solved by interleaving computation"
What is competitive ratio?,"Competitive ratio is the comparison of the cost with the path cost the agent would incur if it knew the search space in advance.
"
What are dead ends?,"Dead ends are states from which no goal state is reachable.
"
What is the meaning of safely explorable?,"Safely explorable is when some goal state is reachable from every reachable state. 
"
What is random walk?,"A random walk simply selects at random one of the available actions from the current state
"
What are competitive environments?,"Competitive environments are in which two or more agents have conflicting goals. 
"
What is an economy?,"An economy is to consider a very large number of agents in the aggregate.
"
What are the examples of games that include an element of chance?,"The examples are rolling dice or shuffling cards.
"
What are the examples of games of imperfect information?,"""The examples are poker and bridge"
"""What is """"perfect information""""?""","Perfect information is when the game is fully observable.
"
"""What is """"zero-sum""""?""","“Zero-sum” means that what is good for one player is just as bad for the other: there is no “win-win” outcome.
"
What are the formally defined elements of a game?,"""A game can be formally defined with initial state"
What is a terminal test?,"A terminal test is true when the game is over and false if otherwise.
"
What is terminal states?,"Terminal states are states where the game has ended.
"
What is a utility function?,"A utility function defines the final numeric value to player p when the game ends in terminal state s.
"
What are the other names of a utility function?,"The other names of a utility function are an objective function or payoff function.
"
What is a state space graph?,"""A state space graph is a graph where the vertices are states"
When do we use minimax search?,"We uses minimax search for games with multiple outcome scores.
"
What is ply?,"""Ply is used to unambiguously mean one move by one player"
What is the minimax search algorithm?,"The minimax search algorithm finds the best move for MAX by trying all actions and choosing the one whose resulting state has the highest MINIMAX value.
"
Is the minimax search algorithm recursive?,"""Yes"
What is the time complexity for the minimax search algorithm?,"The time complexity of the minimax algorithm is O(b^m) if the maximum depth of the tree is m and there are b legal moves at each point.
"
What is alpha–beta pruning?,"The alpha–beta pruning is the particular technique when we compute the correct minimax decision without examining every state by pruning large parts of the tree that make no difference to the outcome.
"
What is Type A strategy?,"""A Type A strategy considers all possible moves to a certain depth in the search tree"
What is Type B strategy?,"""A Type B strategy ignores moves that look bad"
What is the difference between the Type A strategy and Type B strategy?,"""Type A strategy explores a wide but shallow portion of the tree"
What is the example of games with Type A strategy?,"Most of the chess programs have been Type A strategy.
"
What is the example of games with Type B strategy,"Most of the Go programs are more often Type B strategy.
"
What is forward pruning?,"""A forward pruning prunes moves that appear to be poor moves"
Why we use Monte Carlo tree search?,"""We use Monte Carlo tree search because  alpha–beta search would be limited to only 4 or 5 ply and "
What are sto4chastic games?,"""Stochastic games bring us a little closer to the unpredictability of real life by including a random element"
What is the example of stochastic games?,"Backgammon is a typical stochastic game that combines luck and skill. 
"
What are partially obsercable games?,"Partially observable games  includes the use of scouts and spies to gather information and the use of concealment and bluff to confuse the enemy.
"
What are the examples of partially obsercable games?,"Video games such as StarCraft is the example of partially obsercable game.
"
What are stochastic partial observable games?,"Stochastic partial observable games are where the missing information is generated by the random dealing of cards.
"
What are the examples of stochastic partial observable games?,"""Card games such as bridge"
When is Monte Carlo search preferred?,"""When the branching factor is high or it is difficult to define an evaluation function"
What is the limitation of alpha–beta search?,"The limitation of alpha–beta search is its vulnerability to errors in the heuristic function.
"
What is the limitation of Monte Carlo search?,"The limitation of Monte Carlo is that it is designed to calculate the values of legal moves. 
"
What is metareasoning?,"Metareasoning is the kind of reasoning about what computations to do.
"
What is a constraint satisfaction problem?,"A constraint satisfaction problem is A problem that is solved when each variable has a value that satisfies all the constraints on the variable.
"
What are the components of a constraint satisfaction problem?,"""The three components are a set of variables (X)"
What is a consistent or legal assignment?,"A consistent or legal assignment is an assignment that does not violate any constraints.
"
What is a complete assignment?,"A complete assignment is one in which every variable is assigned a value.
"
What is a solution to a CSP?,"""A solution to a CSP is a consistent"
What is a partial assignment?,"A partial assignment is one that leaves some variables unassigned.
"
What is a partial solution?,"A partial solution is a partial assignment that is consistent.
"
Why do we formulate a problem as a CSP?,"One reason is that the CSPs yield a natural representation for a wide variety of problems; it is often easy to formulate a problem as a CSP.
"
What are linear constraints?,"Linear constraints are  constraints in which each variable appears only in linear form. 
"
What is unary constraint?,"A unary constraint restricts the value of a single variable. 
"
What is a global constraint?,"A global constraint is a constraint involving an arbitrary number of variables.
"
What is constraint propagation?,"""It is using the constraints to reduce the number of legal values for a variable"
What is node-consistency?,"A single variable is node-consistent if all the values in the variable’s domain satisfy the variable’s unary constraints. 
"
What is arc-consistent?,"A variable in a CSP is arc-consistent if every value in its domain satisfies the variable’s binary constraints. 
"
What is the example of algorithm that enforce arc consistency?,"The most popular algorithm for enforcing arc consistency is called AC-3. 
"
What can path consistency do?,"Path consistency tightens the binary constraints by using implicit constraints that are inferred by looking at triples of variables.
"
What is minimum-remaining-values?,"Minimum-remaining-value is the idea of choosing the variable with the fewest “legal” values.
"
What can degree heuristic do?,"Degree heuristic attempts to reduce the branching factor on future choices by selecting the variable that is involved in the largest number of constraints on other unassigned variables.
"
What can the least-constraining-value heuristic do?,"The least-constraining-value heuristic prefers the value that rules out the fewest choices for the neighboring variables in the constraint graph.
"
What is the policy of backtracking-search algorithm?,"The backtracking-search algorithm backs up to the preceding variable and try a different value for it. 
"
What is a backjumping method?,"A backjumping method backtracks to the most recent assignment in the conflict set.
"
What happens to the algorithm when no legal value is found?,"""When no legal value is found"
What is constraint learning?,"Constraint learning is the idea of finding a minimum set of variables from the conflict set that causes the problem.
"
How can independence be ascertained?,"Independence can be ascertained simply by finding connected components of the constraint graph. 
"
What is a topological sort?,"""A topological sort is the ordering of picking any variable to be the root of the tree first"
What is a tree decomposition?,"A tree decomposition is a transformation of the original graph into a tree where each node in the tree consists of a set of variable.
"
What is the example of the requirements of a tree decomp7osition?,"One of the examples is every variable in the original problem appears in at least one of the tree nodes.
"
What is an axiom?,"An axiom is the sentencet that is taken as being given without being derived from other sentences.
"
What is an inference?,"An inference is deriving new sentences from old.
"
What requirement should inference obey?,""" Inference must obey the requirement that when one asks a question of the knowledge base"
What is the wumpus world?,"The wumpus world is a cave consisting of rooms connected by passageways.
"
What is semantics?,"""Semantics are the meaning of sentences"
What is grounding?,"Grounding is the connection between logical reasoning processes and the real environment in which the agent exists.
"
What is theorem prooving?,"Theorem prooving is applying rules of inference directly to the sentences in our knowledge base to construct a proof of the desired sentence without consulting models. 
"
When is a sentence valid?,"A sentence is valid if it is true in all models. 
"
When is a sentence satisfiable?,"""A sentence is satisfiable if it is true in"
What is monotonicity?,"A monotonicity says that the set of entailed sentences can only increase as information is added to the knowledge base.
"
What do the algorithm do in early termination?,"""The algorithm detects whether the sentence must be true or false"
What is a pure symbol?,"A pure symbol is a symbol that always appears with the ame “sign” in all clauses. 
"
What is a unit clause?,"A unit clause was a clause with just one literal. 
"
What is unit propagation?,"""Unit propagation resembles the process of forward chaining with definite clauses"
What are atemporal variables?,"Atemporal variables are symbols associated with permanent aspects of the world that do not need a time superscript.
"
What is the representational frame problem?,"The representational frame problem is the specific manifestation of the frame problem.
"
How is knowledge contained?,"Knowledge is contained in agents in the form of sentences in a knowledge representation language that are stored in a knowledge base.
"
Why do intelligent agents need knowledge?,"Intelligent agents need knowledge about the world in order to reach good decisions.
"
How is a representation language defined?,"""A representation language is defined by its syntax"
Why is the relationship of entailment between sentences is crucial?,"The relationship of entailment between sentences is crucial to our understanding ofreasoning.
"
What is sound inference?,"Sound inference algorithms derive only sentences that are entailed.
"
What are complete algorithms?," Complete algorithms derive all sentences that are entailed.
"
What is propositional logic?,"Propositional logic is a simple language consisting of proposition symbols and logical connectives.
"
What can propositional logic do?,"""Propositional logic can handle propositions that are known to be true"
What are inference rules?,"Inference rules are patterns of sound inference that can be used to find proofs. 
"
What is the resolution rule?,"The resolution rule yields a complete inference algorithm for knowledge bases that are expressed in conjunctive normal form.
"
What are the natural reasoning algorithms for knowledge bases in Horn form?," Forward chaining and backward chaining are very natural reasoning algorithms for knowledge bases in Horn form.
"
What is a logical state estimation?,"Logical state estimation involves maintaining a logical sentence that describes the set of possible states consistent with the observation history. 
"
What do each update step of logical state estimation require?,"""Each update step requires inference using the transition model of the environment"
How decisions within a logical agent can be made by SAT solving?,"It works by finding possible models specifying future action sequences that reach the goal.  
"
Why does propositional logic do not scale to environments of unbounded size?,"""This is because e it lacks the expressive power to deal concisely with time"
How should knowledge representation languages be?,"""Knowledge representation languages should be declarative"
How does logic differs?,"Logics differ in their ontological commitments and epistemological commitments.
"
What is the difference in propositional logic and first-order logic?,"""While propositional logic commits only to the existence of facts"
What is the similarity of propositional logic and first-order logic?,"Both propositional logic and first-order logic share a difficulty in representing vague propositions. 
"
How does the difficulty in representing vague  propositions affect both  propositional logic and first-order logic?,"""The difficulty limits their applicability in domains that require personal judgments"
What does the syntax of first-order logic does?,"""It adds terms to represent objects"
"""What does a possible world", or model
When is an atomic sentence true?,"An atomic sentence is true only when the relation named by the predicate holds between the objects named by the terms. 
"
What can extended interpretations do?,"""Extended interpretations"
What is the process of developing a knowledge base in first-order logic?,"""Developing a knowledge base in first-order logic requires a careful process of analyzing the domain"
What is AI?,"Artificial Intelligence (AI) is the part of computer science concerned with designing intelligent computer systems.
"
What do the branches of AI have?,"""NLP"
What is the Turing Test?,"Alan Turing devised a test for intelligence called the Imitation Game in.
"
Under what conditions can intelligence be proved to have passed the test?,"""If"
What capabilities would the AI need?,"""Natural language processing"
What are the cental goals of AI research?,"""Reasoning"
What is reasoning?,"""The reasoning is the mental process of deriving logical conclusion and making predictions from available knowledge"
What types of reasoning are there?,"""Deductive"
What is Deductive reasoning?,"Deductive reasoning is deducing new information from logically related known information.
"
What is Inductive reasoning?,"Inductive reasoning is a form of reasoning to arrive at a conclusion using limited sets of facts by the process of generalization.
"
What is Abductive reasoning?,"Abductive reasoning is a form of logical reasoning which starts with single or multiple observations then seeks to find the most likely explanation or conclusion for the observation.
"
What is Common Sense?,"""Common sense reasoning is an informal form of reasoning"
How Intelligence applications should behave?,"""Intelligence applications are expected to respond to stimulation consistent with traditional responses from humans"
What three ways of thinking do we need to learn in artificial intelligence?,"""Introspection"
What is Itrospection?,"Trying to catch our own thoughts as they go by.
"
What is psychological experiments?,"Observing a person in action.
"
What is brain imaging?,"Observing the brain in action.
"
What is rational behavior?,"Doing the right thing!
"
What is the right thing?,"""It is expected to maximize goal achievement"
What are the advantages of studying AI as rational agent?,"""It is more general than using logic only"
What are the main roles that AI plays?,"Study the intelligent part concerned with humans. Represent those actions using computers.
"
What is True AI?,"""True A.I. can improve on past iterations"
What do the currently popular approaches have?,"""Currently popular approaches include statistical methods"
"""What is the relationship among AI", ML
What are the advantages of AI?,"""Reduces in human error"
What are the disadvantages of AI?,"""Cost overruns"
What is knowledge?,"Knowledge is a collection of information about a domain that can be used to solve problems within a domain.
"
What are the organization of konwledge?,"""Wisdom"
What is declarative knowledge?,"""Declarative knowledge is to know about something. It includes concepts"
What is procedural Knowledge?,"Procedural knowledge is a type of knowledge which is responsible for knowing how to do something.
"
What is heuristic konwledge?,"""Heuristic knowledge is rules of thumb based on previous experiences"
What is structural knowledge?,"It describes relationships between various concepts and the relationship that exists between concepts or objects.
"
What is Meta-knowledge?,"It is not specific to any single domain but aims to describe the structure of the data present in the knowledge systems.
"
What is logical representation?,"Logical representation is a language that is free from ambiguity issue.
"
What categories can logical representation be divided into?,"Propositional and predicate.
"
What is proposition?,"It is a sentence that is either true or false.
"
What is semantic network?,"A semantic network or net -graph structure is used to represent knowledge in patterns of interconnected nodes and arcs.
"
What do the production rules consist of?,"IF(condition) and THEN(action).
"
What are the advantages of production rule?,"The production rules are expressed in natural language. The production rules are expressed in natural language.
"
What are the disadvantages of production rule?,"""Production rule system does not exhibit any learning capabilities"
What is Knowledge-based System?,"A knowledge-based system (KBS) is a form of artificial intelligence (AI) that aims to capture the knowledge of human experts to support decision-making.
"
What is medical expert system?,"An expert system is a computer program that represents and reasons with knowledge of some specialist subject with a view to solving problems or giving advice.
"
What do the typical tasks for expert system have?,"""The interpretation of data"
What do the complex decisions invovle?,"Complex decisions involve intricate combination of factual and heuristic knowledge.
"
What do the structure of expert system reflect?,"The structure of expert systems reflect the knowledge engineers understanding of the methods of representing knowledge and of how to perform intelligent decision making tasks with the support of a computer based system.
"
What is backward chaining?,"Backward chaining starts from the goal and works backward through inference rules to find the required facts that support the goal.
"
What is the research strategy of backward chaining reasoning?,"Backward chaining reasoning applies a depth-first search strategy.
"
What does the backward chaining apply to?,"""It is suitable for diagnostic"
What is forward chaining?,"Forward chaining starts from known facts and applies inference rule to extract more data unit it reaches to the goal.
"
What is the research strategy of forward chaining reasoning?,"Forward chaining reasoning applies a breadth-first search strategy.
"
What does the forward chaining apply to?,"""It is suitable for the planning"
What is knowledge engineering?,"The process of building an expert system is called knowledge engineering and is done by a knowledge engineer.
"
What is knowledge engineer?,"The knowledge engineer is a human with a background in computer science and AI and he knows how to build expert systems.
"
What is knowledge engineering?,"Knowledge engineering is the acquisition of knowledge from a human expert or any other source.
"
What is Five-in-row system?,"Five-in-row system is normally is implemented as a board game.
"
What is search?,"Search is a about exploring alternatives.
"
What are the application of search?,"""Route finding"
What is category?,"""Incremental formulation"
What is incremental formulation?,"""This problem involves operators that augment the state description"
What is complete-state formulation?,"States are independent for each other.
"
What is toy problrm?,"A toy problem is intended to illustrate or exercise various problem-solving methods.
"
What is real-word problem?,"A real-world problem is one whose solutions people actually care about.
"
What’re the conditions for searching?,"""Observable"
What is observable?,"You always know what’s going on currently.
"
What is discrete?,"""Given any state"
What is known?,"The agent knows which states are reached by performing the corresponding action.
"
What is deterministic?,"Each action has exactly one outcome.
"
What are goodness of a search strategy?,"""Completeness"
How to formulate searching?,"""States"
What is states?,"The basic unit for searching.
"
What is initial state?,"The state that the agent starts in.
"
What is action?,"The operations that you can perform for the current state.
"
What is transition model?,"The outcome of actions.
"
What is goal test?,"Which determines whether a state is a goal state.
"
What is path cost?,"Assign a numeric cost to each path.
"
How to solve searching problems?,"""A solution is an action sequence"
What dose a graph consist of?,"Nodes and arcs.
"
What dose the problem space consist of?,"""A state space"
What’s uninformed Searching?,"While searching you have no clue whether one non-goal state is better than any other.
"
What is breadth-first search?,"Expand shallowest unexpanded node.
"
What is fringe?,"""Nodes waiting in a queue to be explored"
Does breadth-first search always find a solution if one exists?,"Yes.
"
Does breadth-first search always find the best (least-cost) solution?,"""Yes"
How long breadth-first search will take?,"1+b+b^2+b^3+… +b^d (nodes until the solution)
"
What is depth-first search?,"Expand deepest unexpanded node.
"
Does depth-first search always find a solution if one exists?,"No: fails in infinite-depth spaces.
"
How long depth-first search will take?,"O(b^m) with m=maximum depth
"
Does depth-first search always find the best (least-cost) solution?,"No (It may find a non-optimal goal first).
"
What is iterative deepening search?,"Run multiple DFS searches with increasing depth-limits.
"
Does iterative deepening  search always find a solution if one exists?,"Yes.
"
Does iterative deepening search always find the best (least-cost) solution?,"Only if path cost is a non-decreasing function of depth.
"
How long iterative deepening search will take?,"b + (b+b^2) + .......(b+....b^d)  = O(b^d).
"
What is uniform-cost search?,"Always expand the node on the fringe with minimum cost g(n).
"
Does uniform-cost search always find a solution if one exists?,"Yes.
"
Does uniform-cost search always find the best (least-cost) solution?,"""Yes"
How long uniform-cost search will take?,"of nodes with path cost ≤ cost of optimal solution.
"
How much space does uniform-cost search take to complete the run?,"of nodes with path cost ≤ cost of optimal solution.
"
How much space does iterative deepening search take to complete the run?,"O(bd)
"
How much space does depth-first search take to complete the run?,"O(bm)
"
How much space does breadth-first search take to complete the run?,"""O(b^d) (keeps every node in memory"
"hi","how are you doing? I'm fine. How about yourself?"
"i'm fine. How about yourself?","I'm pretty good. Thanks for asking."
"i'm pretty good. Thanks for asking.","No problem. So how have you been?"
"no problem. So how have you been?","I've been great. What about you?"
"i've been great. What about you?","I've been good. I'm in school right now."
"i've been good. I'm in school right now.","What school do you go to?"
"what school do you go to?","I go to PCC."
"i go to PCC.","Do you like it there?"
"do you like it there?","It's okay. It's a really big campus."
"it's okay. It's a really big campus.","Good luck with school."
"good luck with school.","Thank you very much."
"how's it going?","I'm doing well. How about you?"
"i'm doing well. How about you?","Never better, thanks."
"never better, thanks.","So how have you been lately?"
"so how have you been lately?","I've actually been pretty good. You?"
"i've actually been pretty good. You?","I'm actually in school right now."
"i'm actually in school right now.","Which school do you attend?"
"which school do you attend?","I'm attending PCC right now."
"i'm attending PCC right now.","Are you enjoying it there?"
"are you enjoying it there?","It's not bad. There are a lot of people there."
"it's not bad. There are a lot of people there.","Good luck with that."
"good luck with that.","Thanks."
"how are you doing today?","I'm doing great. What about you?"
"i'm doing great. What about you?","I'm absolutely lovely, thank you."
"i'm absolutely lovely, thank you.","Everything's been good with you?"
"everything's been good with you?","I haven't been better. How about yourself?"
"i haven't been better. How about yourself?","I started school recently."
"i started school recently.","Where are you going to school?"
"where are you going to school?","I'm going to PCC."
"i'm going to PCC.","How do you like it so far?"
"how do you like it so far?","I like it so far. My classes are pretty good right now."
"i like it so far. My classes are pretty good right now.","I wish you luck."
"it's an ugly day today.","I know. I think it may rain."
"i know. I think it may rain.","It's the middle of summer, it shouldn't rain today."
"it's the middle of summer, it shouldn't rain today.","That would be weird."
"that would be weird.","Yeah, especially since it's ninety degrees outside."
"yeah, especially since it's ninety degrees outside.","I know, it would be horrible if it rained and it was hot outside."
"i know, it would be horrible if it rained and it was hot outside.","Yes, it would be."
"yes, it would be.","I really wish it wasn't so hot every day."
"i really wish it wasn't so hot every day.","Me too. I can't wait until winter."
"me too. I can't wait until winter.","I like winter too, but sometimes it gets too cold."
"i like winter too, but sometimes it gets too cold.","I'd rather be cold than hot."
"i'd rather be cold than hot.","Me too."
"it doesn't look very nice outside today.","You're right. I think it's going to rain later."
"you're right. I think it's going to rain later.","In the middle of summer, it shouldn't be raining."
"in the middle of summer, it shouldn't be raining.","That wouldn't seem right."
"that wouldn't seem right.","Considering that it's over ninety degrees outside, that would be weird."
"considering that it's over ninety degrees outside, that would be weird.","Exactly, it wouldn't be nice if it started raining. It's too hot."
"exactly, it wouldn't be nice if it started raining. It's too hot.","I know, you're absolutely right."
"i know, you're absolutely right.","I wish it would cool off one day."
"i wish it would cool off one day.","That's how I feel, I want winter to come soon."
"that's how I feel, I want winter to come soon.","I enjoy the winter, but it gets really cold sometimes."
"i enjoy the winter, but it gets really cold sometimes.","I know what you mean, but I'd rather be cold than hot."
"i know what you mean, but I'd rather be cold than hot.","That's exactly how I feel."
"i wish it was a nicer day today.","That is true. I hope it doesn't rain."
"that is true. I hope it doesn't rain.","It wouldn't rain in the middle of summer."
"it wouldn't rain in the middle of summer.","It wouldn't seem right if it started raining right now."
"it wouldn't seem right if it started raining right now.","It would be weird if it started raining in ninety degree weather."
"it would be weird if it started raining in ninety degree weather.","Any rain right now would be pointless."
"any rain right now would be pointless.","That's right, it really would be."
"that's right, it really would be.","I want it to cool down some."
"i want it to cool down some.","I know what you mean, I can't wait until it's winter."
"i know what you mean, I can't wait until it's winter.","Winter is great. I wish it didn't get so cold sometimes though."
"winter is great. I wish it didn't get so cold sometimes though.","I would rather deal with the winter than the summer."
"it's such a nice day.","Yes, it is."
"yes, it is.","It looks like it may rain soon."
"it looks like it may rain soon.","Yes, and I hope that it does."
"yes, and I hope that it does.","Why is that?"
"why is that?","I really love how rain clears the air."
"i really love how rain clears the air.","Me too. It always smells so fresh after it rains."
"me too. It always smells so fresh after it rains.","Yes, but I love the night air after it rains."
"yes, but I love the night air after it rains.","Really? Why is it?"
"really? Why is it?","Because you can see the stars perfectly."
"because you can see the stars perfectly.","I really hope it rains today."
"i really hope it rains today.","Yeah, me too."
"isn't it a nice day?","It really is."
"it really is.","It seems that it may rain today."
"it seems that it may rain today.","Hopefully it will."
"hopefully it will.","How come?"
"how come?","I like how clear the sky gets after it rains."
"i like how clear the sky gets after it rains.","I feel the same way. It smells so good after it rains."
"i feel the same way. It smells so good after it rains.","I especially love the night air when it rains."
"i especially love the night air when it rains.","Really? Why?"
"really? Why?","The stars look so much closer after it rains."
"the stars look so much closer after it rains.","I really want it to rain today."
"i really want it to rain today.","Yeah, so do I."
"don't you think it's nice out?","Yes, I think so too."
"yes, I think so too.","I think that it's going to rain."
"i think that it's going to rain.","I hope that it does rain."
"i hope that it does rain.","You like the rain?"
"you like the rain?","The sky looks so clean after it rains. I love it."
"the sky looks so clean after it rains. I love it.","I understand. Rain does make it smell cleaner."
"i understand. Rain does make it smell cleaner.","I love most how it is at night after it rains."
"i love most how it is at night after it rains.","How come?"
"how come?","You can see the stars so much more clearly after it rains."
"you can see the stars so much more clearly after it rains.","I would love for it to rain today."
"i really want to go to the beach this weekend.","That sounds like fun. What's the weather going to be like?"
"that sounds like fun. What's the weather going to be like?","I heard that it's going to be warm this weekend."
"i heard that it's going to be warm this weekend.","Is it going to be perfect beach weather?"
"is it going to be perfect beach weather?","I believe so."
"i believe so.","Good. I hope it doesn't cool off this weekend."
"good. I hope it doesn't cool off this weekend.","I know. I really want to go to the beach."
"i know. I really want to go to the beach.","But you know that California weather is really unpredictable."
"but you know that California weather is really unpredictable.","You're right. One minute it's hot, and then the next minute it's cold."
"you're right. One minute it's hot, and then the next minute it's cold.","I really wish the weather would just stay the same."
"i really wish the weather would just stay the same.","I do too. That way we can have our activities planned ahead of time."
"i do too. That way we can have our activities planned ahead of time.","Yeah, that would make things a lot easier."
"i would like to take a trip to the beach this weekend.","A trip to the beach would be fun. How is the weather going to be?"
"a trip to the beach would be fun. How is the weather going to be?","The forecast says that it will be warm on the weekend."
"the forecast says that it will be warm on the weekend.","So do you think it'll be perfect weather for the beach?"
"so do you think it'll be perfect weather for the beach?","It sounds like it will be."
"it sounds like it will be.","I really hope it doesn't get cold."
"i really hope it doesn't get cold.","That would ruin things, I want to go so badly."
"that would ruin things, I want to go so badly.","The weather in California is unpredictable, so you never know."
"the weather in California is unpredictable, so you never know.","That is true. The weather is constantly changing."
"that is true. The weather is constantly changing.","It would be nice if the weather would never change."
"it would be nice if the weather would never change.","That would be great, then we could plan things sooner."
"that would be great, then we could plan things sooner.","True. Predictable weather would make life easier."
"it would be nice to go to the beach sometime this weekend.","What's the weather going to be like? I may want to go too."
"what's the weather going to be like? I may want to go too.","The weather this weekend is supposed to be warm."
"the weather this weekend is supposed to be warm.","Will it be good beach weather?"
"will it be good beach weather?","I think it will be."
"i think it will be.","It wouldn't be good if it got cold this weekend."
"it wouldn't be good if it got cold this weekend.","I want this trip to be perfect, I hope it stays warm."
"i want this trip to be perfect, I hope it stays warm.","This California weather is so uncertain, it's impossible to know what'll happen."
"this California weather is so uncertain, it's impossible to know what'll happen.","I know. Every day the weather seems different."
"i know. Every day the weather seems different.","I would love it if it wasn't always so unpredictable."
"i would love it if it wasn't always so unpredictable.","That would make it easier for us to make plans."
"hello, may I speak to Alice please?","This is she. How's it going?"
"this is she. How's it going?","I've been trying to call you all day."
"i've been trying to call you all day.","Sorry about that. I was cleaning up."
"sorry about that. I was cleaning up.","It's okay."
"it's okay.","So what were you calling me about?"
"so what were you calling me about?","Oh, I just wanted to see if you wanted to hang out tomorrow."
"oh, I just wanted to see if you wanted to hang out tomorrow.","Sure, what did you want to do?"
"sure, what did you want to do?","Maybe we can go see a movie or something."
"maybe we can go see a movie or something.","That sounds like fun. Let's do it."
"that sounds like fun. Let's do it.","I'll see you tomorrow then."
"i'll see you tomorrow then.","See you then. Goodbye."
"hi, how are you. Is Alice there?","Speaking. What's up?"
"speaking. What's up?","Why haven't you answered the phone?"
"why haven't you answered the phone?","My bad, I had chores to do."
"my bad, I had chores to do.","That's all right."
"that's all right.","What was the reason for your call?"
"what was the reason for your call?","I want to do something tomorrow with you."
"i want to do something tomorrow with you.","Sounds good. What did you have in mind?"
"sounds good. What did you have in mind?","I was thinking about seeing a movie."
"i was thinking about seeing a movie.","Okay, let's go see a movie."
"okay, let's go see a movie.","Until then."
"until then.","Talk to you later."
"is Alice available?","You're talking to her."
"you're talking to her.","I've called you a hundred times today."
"i've called you a hundred times today.","I was busy doing something. I apologize."
"i was busy doing something. I apologize.","No problem."
"no problem.","Did you need something?"
"did you need something?","Do you want to do something tomorrow?"
"do you want to do something tomorrow?","Is there somewhere special you wanted to go?"
"is there somewhere special you wanted to go?","How about a movie?"
"how about a movie?","A movie sounds good."
"a movie sounds good.","Call me tomorrow then."
"have you seen the new girl in school?","No, I haven't."
"no, I haven't.","She's really pretty."
"she's really pretty.","Describe her to me."
"describe her to me.","She's not too tall."
"she's not too tall.","Well, how tall is she?"
"well, how tall is she?","She's about five feet even."
"she's about five feet even.","What does she look like, though?"
"what does she look like, though?","She has pretty light brown eyes."
"she has pretty light brown eyes.","I may know which girl you're talking about."
"i may know which girl you're talking about.","So you have seen her around?"
"so you have seen her around?","Yes, I have."
"there's a new girl in school, have you seen her yet?","I haven't seen her yet."
"i haven't seen her yet.","I think that she is very pretty."
"i think that she is very pretty.","Tell me how she looks."
"tell me how she looks.","She's kind of short."
"she's kind of short.","What height is she?"
"what height is she?","She's probably about five feet."
"she's probably about five feet.","That's nice, but tell me what she looks like."
"that's nice, but tell me what she looks like.","The first thing I noticed was her beautiful brown eyes."
"the first thing I noticed was her beautiful brown eyes.","I think I might've bumped into her before."
"i think I might've bumped into her before.","Are you telling me that you've seen her before?"
"are you telling me that you've seen her before?","I believe so."
"have you met the new girl?","No. Have you?"
"no. Have you?","She's one of the prettiest girls at the school."
"she's one of the prettiest girls at the school.","What does she look like?"
"what does she look like?","Well, she's quite short."
"well, she's quite short.","How tall would you say that she is?"
"how tall would you say that she is?","I would say she's only five feet."
"i would say she's only five feet.","What about her facial features?"
"what about her facial features?","She has light brown eyes, absolutely beautiful."
"she has light brown eyes, absolutely beautiful.","I think I know who you're talking about."
"i think I know who you're talking about.","Have you seen her?"
"why weren't you at school yesterday?","I wasn't really feeling well."
"i wasn't really feeling well.","What was wrong with you?"
"what was wrong with you?","My stomach was upset."
"my stomach was upset.","Do you feel better now?"
"do you feel better now?","I don't really feel too well yet."
"i don't really feel too well yet.","Do you want anything to make you feel better?"
"do you want anything to make you feel better?","No, thanks. I already took some medicine."
"no, thanks. I already took some medicine.","I hope you feel better."
"i hope you feel better.","Thank you."
"what reason do you have for missing school?","I was sick."
"i was sick.","How were you sick?"
"how were you sick?","I had a stomachache."
"i had a stomachache.","Did it get any better?"
"did it get any better?","I'm still feeling under the weather."
"i'm still feeling under the weather.","Would you like anything for your stomach?"
"would you like anything for your stomach?","I took something earlier."
"i took something earlier.","Get better."
"get better.","Thanks a lot."
"why didn't you go to school yesterday?","I stayed home because I wasn't feeling well."
"i stayed home because I wasn't feeling well.","What was your problem?"
"what was your problem?","My stomach was bothering me."
"my stomach was bothering me.","Are you feeling any better?"
"are you feeling any better?","I'm still feeling a little sick."
"i'm still feeling a little sick.","I'm going to the store, would you like any Pepto Bismol?"
"i'm going to the store, would you like any Pepto Bismol?","That's okay."
"that's okay.","I hope you feel better."
"did you hear the good news?","No, I haven't."
"no, I haven't.","I got a promotion at my job."
"i got a promotion at my job.","Did you really?"
"did you really?","Seriously, I am so excited."
"seriously, I am so excited.","Well, congratulations."
"well, congratulations.","Thank you."
"thank you.","I'm so happy for you."
"i'm so happy for you.","Really?"
"really?","Yes. You really deserved this."
"yes. You really deserved this.","You think so?"
"you think so?","Yes. Good for you."
"have you heard my good news?","You haven't told me anything yet."
"you haven't told me anything yet.","I got a promotion at work earlier this week."
"i got a promotion at work earlier this week.","Is that right?"
"is that right?","It's the truth. I am really happy."
"it's the truth. I am really happy.","Congratulations on your promotion."
"congratulations on your promotion.","Thank you very much."
"thank you very much.","I am really excited for you."
"i am really excited for you.","Are you really?"
"are you really?","I'm serious. You deserved this promotion."
"i'm serious. You deserved this promotion.","Is that what you really think?"
"is that what you really think?","Yes, I do."
"i haven't told you what happened yet, have I?","I haven't heard anything."
"i haven't heard anything.","My boss offered me a promotion, and I took it."
"my boss offered me a promotion, and I took it.","Are you serious?"
"are you serious?","Yes, I am really excited."
"yes, I am really excited.","That's great. Congratulations."
"that's great. Congratulations.","I appreciate that."
"i appreciate that.","You have no idea how happy I am for you."
"you have no idea how happy I am for you.","For real?"
"you look really nice today.","Thank you. I just got this outfit the other day."
"thank you. I just got this outfit the other day.","Really, where did you get it?"
"really, where did you get it?","I got it from Macy's."
"i got it from Macy's.","It's really nice."
"it's really nice.","Thanks again. You look nice today, too."
"thanks again. You look nice today, too.","Thank you. I just got these shoes today."
"thank you. I just got these shoes today.","Really? What kind of shoes are they?"
"really? What kind of shoes are they?","These are called All Star Chuck Taylors."
"these are called All Star Chuck Taylors.","I really like those. How much did they cost?"
"i really like those. How much did they cost?","They were about forty dollars."
"they were about forty dollars.","I think I'm going to go buy myself a pair."
"i absolutely love what you're wearing today.","You do? I just bought this outfit a couple days ago."
"you do? I just bought this outfit a couple days ago.","Seriously, it looks really nice on you. Where did you buy it from?"
"seriously, it looks really nice on you. Where did you buy it from?","I bought it from the Macy's at the Santa Anita Mall."
"i bought it from the Macy's at the Santa Anita Mall.","I really like that outfit."
"i really like that outfit.","Thanks. I think you look nice today, too."
"thanks. I think you look nice today, too.","Thank you. I just bought these new shoes earlier today."
"thank you. I just bought these new shoes earlier today.","Those are nice. What are they?"
"those are nice. What are they?","These are some Chucks."
"these are some Chucks.","Those are great. How much were they?"
"those are great. How much were they?","I got them for forty."
"i got them for forty.","I think I might go and find me my own pair of Chucks."
"i think that you look very cute today.","Is that right? This is a brand new outfit."
"is that right? This is a brand new outfit.","What store did you get it from?"
"what store did you get it from?","I went to Macy's and picked it out."
"i went to Macy's and picked it out.","I love your outfit right now."
"i love your outfit right now.","Well, I think you look nice today too."
"well, I think you look nice today too.","Thanks. I found these new shoes earlier at the store."
"thanks. I found these new shoes earlier at the store.","I think that those are some really nice shoes. What kind are they?"
"i think that those are some really nice shoes. What kind are they?","These are Chucks."
"these are Chucks.","Your shoes look really nice. How much did you get them for?"
"your shoes look really nice. How much did you get them for?","They only cost me about forty dollars."
"tell me, what do you enjoy doing in your spare time?","I enjoy drawing and painting."
"i enjoy drawing and painting.","You know how to draw and paint?"
"you know how to draw and paint?","Yes, I do."
"yes, I do.","When did you learn how to do that?"
"when did you learn how to do that?","I learned back in high school."
"i learned back in high school.","Oh, so you took an art class?"
"oh, so you took an art class?","Yeah, I loved that class."
"yeah, I loved that class.","I see that you're pretty talented."
"i see that you're pretty talented.","Thank you very much."
"thank you very much.","I wish I had a talent like that."
"i wish I had a talent like that.","I'm sure you have a talent. It's just hidden."
"what kinds of things do you like to do?","I've always liked to draw and paint."
"i've always liked to draw and paint.","I didn't know you knew how to draw and paint."
"i didn't know you knew how to draw and paint.","I do it every once in a while."
"i do it every once in a while.","How long have you known how to do that?"
"how long have you known how to do that?","I first learned how to do it in high school."
"i first learned how to do it in high school.","Did you take some sort of art class or something?"
"did you take some sort of art class or something?","That was my favorite class."
"that was my favorite class.","You have got to be talented."
"you have got to be talented.","Thanks."
"thanks.","If only I was talented."
"if only I was talented.","You have a talent. You just don't know what it is yet."
"are there any hobbies you do?","When I have time, I sometimes draw and paint."
"when I have time, I sometimes draw and paint.","Oh, you actually do that?"
"oh, you actually do that?","Every so often, I do."
"every so often, I do.","Did you always know how to draw and paint?"
"did you always know how to draw and paint?","I was taught in high school how to draw and paint."
"i was taught in high school how to draw and paint.","You had an art class?"
"you had an art class?","Exactly, it was my favorite class."
"exactly, it was my favorite class.","Well, it's good that you're so talented."
"well, it's good that you're so talented.","I appreciate that."
"i appreciate that.","Talent is a great thing, I wish I had one."
"what's your favorite movie?","My favorite movie is Superbad."
"my favorite movie is Superbad.","Oh, why is that?"
"oh, why is that?","It's the funniest movie that I've ever seen."
"it's the funniest movie that I've ever seen.","That's true. It is a very funny movie."
"that's true. It is a very funny movie.","You've seen it before?"
"you've seen it before?","Yes, I saw that movie the first day it came out in theaters."
"yes, I saw that movie the first day it came out in theaters.","Didn't you laugh through the whole movie? I did."
"didn't you laugh through the whole movie? I did.","Me too. That movie brought tears to my eyes."
"me too. That movie brought tears to my eyes.","Mine too."
"mine too.","I have it on DVD at my house if you want to come over and watch it."
"i have it on DVD at my house if you want to come over and watch it.","Sure, let's go."
"which movie is your favorite to watch?","I have to say, my favorite movie is Superbad."
"i have to say, my favorite movie is Superbad.","Is that right? Why?"
"is that right? Why?","Honestly, it is one of the funniest movies I've seen in a long time."
"honestly, it is one of the funniest movies I've seen in a long time.","You're right. That movie is hilarious."
"you're right. That movie is hilarious.","I didn't think you saw that movie."
"i didn't think you saw that movie.","I went to see it the day it came out."
"i went to see it the day it came out.","I was laughing through the whole movie."
"i was laughing through the whole movie.","I couldn't help laughing, either."
"i couldn't help laughing, either.","Same here."
"same here.","I bought the movie. Would you like to come to my house and watch it?"
"i bought the movie. Would you like to come to my house and watch it?","Of course."
"out of every movie that you've seen, which one is your favorite?","I'm going to have to say that Superbad is the best movie ever."
"i'm going to have to say that Superbad is the best movie ever.","You think so, how come?"
"you think so, how come?","Well, Superbad is super funny."
"well, Superbad is super funny.","You're not lying, I found that movie absolutely hilarious."
"you're not lying, I found that movie absolutely hilarious.","I didn't know that you saw Superbad before."
"i didn't know that you saw Superbad before.","I made sure to be in line to see it the first day it came out."
"i made sure to be in line to see it the first day it came out.","I couldn't keep from laughing throughout the whole movie."
"i couldn't keep from laughing throughout the whole movie.","I was laughing hysterically the whole time; my stomach muscles hurt afterwards."
"i was laughing hysterically the whole time; my stomach muscles hurt afterwards.","That's exactly how I felt."
"that's exactly how I felt.","I got the movie when it came out on DVD, do you want to come over?"
"what type of music do you like to listen to?","I like listening to different kinds of music."
"i like listening to different kinds of music.","Like what, for instance?"
"like what, for instance?","I enjoy rock and R&B."
"i enjoy rock and R&B.","Why is that?"
"why is that?","I like the different instruments that they use."
"i like the different instruments that they use.","That's a good reason to like something."
"that's a good reason to like something.","Yeah, I think so too."
"what kind of music do you enjoy listening to?","I enjoy listening to all kinds of music."
"i enjoy listening to all kinds of music.","What kind?"
"what kind?","I like to listen to rock and R&B."
"i like to listen to rock and R&B.","Why do you like that type of music?"
"why do you like that type of music?","I like the kinds of instruments that they use."
"i like the kinds of instruments that they use.","I think that's an excellent reason to like something."
"i think that's an excellent reason to like something.","Thanks, I feel the same way."
"what is your favorite kind of music?","I listen to various types of music."
"i listen to various types of music.","What genres?"
"what genres?","I enjoy listening to both rock and R&B."
"i enjoy listening to both rock and R&B.","What interests you in that type of music?"
"what interests you in that type of music?","I enjoy the different types of instruments that they use."
"i enjoy the different types of instruments that they use.","That is a perfect reason to like a certain kind of music."
"did you go to the basketball game on Friday?","No, I couldn't make it."
"no, I couldn't make it.","You missed a really good game."
"you missed a really good game.","Oh, really? Who won?"
"oh, really? Who won?","Our school did. They played really well."
"our school did. They played really well.","Too bad I was busy. I really wanted to go."
"too bad I was busy. I really wanted to go.","Yeah, you should have. It was really exciting."
"yeah, you should have. It was really exciting.","So what was the score?"
"so what was the score?","The score was 101-98."
"the score was 101-98.","Man, that was a really close game."
"man, that was a really close game.","That's what made it so great."
"that's what made it so great.","I'll make sure and make it to the next one."
"were you able to attend Friday night's basketball game?","I was unable to make it."
"i was unable to make it.","You should have been there. It was intense."
"you should have been there. It was intense.","Is that right. Who ended up winning?"
"is that right. Who ended up winning?","Our team was victorious."
"our team was victorious.","I wish I was free that night. I'm kind of mad that I didn't go."
"i wish I was free that night. I'm kind of mad that I didn't go.","It was a great game."
"it was a great game.","What was the score at the end of the game?"
"what was the score at the end of the game?","Our team won 101-98."
"our team won 101-98.","Sounds like it was a close game."
"sounds like it was a close game.","That's the reason it was such a great game."
"that's the reason it was such a great game.","The next game, I will definitely be there."
"i was meaning to ask you if you saw the basketball game on Friday.","I wanted to go, but I couldn't."
"i wanted to go, but I couldn't.","It was a great game."
"it was a great game.","It's too bad that I couldn't make it. Who won?"
"it's too bad that I couldn't make it. Who won?","Our team played hard and won."
"our team played hard and won.","I really wish I went to the game."
"i really wish I went to the game.","It was the best game ever."
"it was the best game ever.","So tell me the final score."
"so tell me the final score.","The other team lost by three points, 101-98."
"the other team lost by three points, 101-98.","It must've been a close game."
"it must've been a close game.","It really was. You should've gone."
"what are you doing this weekend?","I'm going to the movies with a friend. How about you?"
"i'm going to the movies with a friend. How about you?","I'm not sure yet."
"i'm not sure yet.","Well, did you want to go see a movie with me?"
"well, did you want to go see a movie with me?","What movie are you going to see?"
"what movie are you going to see?","I'm not sure yet. Is there something you want to see?"
"i'm not sure yet. Is there something you want to see?","There's nothing I can think of."
"there's nothing I can think of.","So, did you want to go?"
"so, did you want to go?","No, thanks, maybe another time."
"no, thanks, maybe another time.","Okay, sounds good."
"do you know what you're going to do this weekend?","I am going to see a movie with a friend of mine. What about you?"
"i am going to see a movie with a friend of mine. What about you?","I don't know."
"i don't know.","Would you like to see a movie with me and my friend?"
"would you like to see a movie with me and my friend?","Do you know what movie you're going to watch?"
"do you know what movie you're going to watch?","I don't know, but was there a certain movie you wanted to see?"
"i don't know, but was there a certain movie you wanted to see?","None that I can think of."
"none that I can think of.","Well, would you like to go?"
"well, would you like to go?","Thank you for inviting me, but I think I'll pass."
"thank you for inviting me, but I think I'll pass.","All right. Another time then."
"you have any ideas as to what you want to do this weekend?","I'm going to the movie theater with my friend. What are you going to do?"
"i'm going to the movie theater with my friend. What are you going to do?","I'm not quite sure yet."
"i'm not quite sure yet.","How about you see a movie with me and my friend?"
"how about you see a movie with me and my friend?","What movie are you and your friend planning on watching?"
"what movie are you and your friend planning on watching?","Not sure. Is there a movie out that catches your eye?"
"not sure. Is there a movie out that catches your eye?","No good movies come to mind."
"no good movies come to mind.","Have you decided whether or not you would like to go?"
"have you decided whether or not you would like to go?","No, thanks. Maybe another time."
"did you go to school today?","Yeah, I went to school today. Were you there?"
"yeah, I went to school today. Were you there?","No, I didn't go, I've been sick."
"no, I didn't go, I've been sick.","That sucks. Did you want the assignments from English class?"
"that sucks. Did you want the assignments from English class?","That would be nice, thank you."
"that would be nice, thank you.","No problem, you're welcome."
"no problem, you're welcome.","I will be glad to do the same for you when you're sick."
"i will be glad to do the same for you when you're sick.","Well, thank you. I hope to see you at school tomorrow."
"have you attended school today?","I attended school today. Did you?"
"i attended school today. Did you?","I wasn't able to attend school because I was feeling ill."
"i wasn't able to attend school because I was feeling ill.","I'm sorry to hear that. Would you like the assignments from English class?"
"i'm sorry to hear that. Would you like the assignments from English class?","I would really appreciate that, thanks."